,Linear_Regression,DecisionTreeRegressor,Lasso,Ridge,SVR,Bayes,Gradient_Boosting,Random_Forest,SGD_Regressor
mae,25234.921728111043,24447.277397260274,25005.466351255425,46290.148535278706,59512.50937046082,25040.699484611843,17769.74747005873,18041.38078767123,25394.85966015475
mse,1762652937.7822726,1385059728.1883562,1752505412.0301816,4984642557.758796,7853834207.795062,1759841331.962785,807726729.3118893,946941446.5691922,1751813365.4024434
rsquare,0.7701984387403681,0.8194262289796033,0.7715213975661065,0.35013943043411033,-0.023924406296565115,0.7705649949654283,0.8946946052235633,0.8765448273005776,0.7716116214508599
rmse,41983.96048233507,37216.39058517572,41862.9360177972,70602.00108891245,88621.86077822481,41950.46283371359,28420.53358598127,30772.41372673246,41854.66957703099
rmsle,0.20171184850248514,0.2029041227688789,0.19998471517692498,0.3419154943467223,0.4319632975197576,0.19935584386490018,0.15112145587092904,0.15755899015075672,0.20379678030130932
